{"cameraMode":{"drawMode":0,"name":"Shaded","section":"Shading Mode"},"sceneLighting":false,"audioPlay":false,"sceneViewState":{"m_AlwaysRefresh":false,"showFog":true,"showSkybox":false,"showFlares":true,"showImageEffects":true,"showParticleSystems":true,"showVisualEffectGraphs":true,"m_FxEnabled":true},"in2DMode":false,"pivot":{"x":-0.003804631531238556,"y":0.5397425889968872,"z":0.026574015617370607},"rotation":{"x":-0.18733012676239015,"y":0.6652522683143616,"z":-0.17790459096431733,"w":-0.7004975080490112},"size":0.33116722106933596,"orthographic":false}